-- Inserción en Apoyo_Organizaciones
INSERT INTO Apoyo_Organizaciones (Id_Apoyo, Fecha, Organizacion, Monto) VALUES
(2, '2023-01-02', 'Organizacion 2', 2000.00),
(3, '2023-01-03', 'Organizacion 3', 1500.00),
(4, '2023-01-04', 'Organizacion 4', 1800.00),
(5, '2023-01-05', 'Organizacion 5', 1700.00),
(6, '2023-01-06', 'Organizacion 6', 1600.00),
(7, '2023-01-07', 'Organizacion 7', 1900.00),
(8, '2023-01-08', 'Organizacion 8', 2100.00),
(9, '2023-01-09', 'Organizacion 9', 2200.00),
(10, '2023-01-10', 'Organizacion 10', 2300.00),
(11, '2023-01-11', 'Organizacion 11', 2400.00),
(12, '2023-01-12', 'Organizacion 12', 2500.00),
(13, '2023-01-13', 'Organizacion 13', 2600.00),
(14, '2023-01-14', 'Organizacion 14', 2700.00),
(15, '2023-01-15', 'Organizacion 15', 2800.00),
(16, '2023-01-16', 'Organizacion 16', 2900.00),
(17, '2023-01-17', 'Organizacion 17', 3000.00),
(18, '2023-01-18', 'Organizacion 18', 3100.00),
(19, '2023-01-19', 'Organizacion 19', 3200.00),
(20, '2023-01-20', 'Organizacion 20', 3300.00);

-- Inserción en Donaciones
INSERT INTO Donaciones (Id_Donacion, Fecha, Monto, Origen, Destino) VALUES
(2, '2023-01-02', 600.00, 'Origen 2', 'Destino 2'),
(3, '2023-01-03', 700.00, 'Origen 3', 'Destino 3'),
(4, '2023-01-04', 800.00, 'Origen 4', 'Destino 4'),
(5, '2023-01-05', 900.00, 'Origen 5', 'Destino 5'),
(6, '2023-01-06', 1000.00, 'Origen 6', 'Destino 6'),
(7, '2023-01-07', 1100.00, 'Origen 7', 'Destino 7'),
(8, '2023-01-08', 1200.00, 'Origen 8', 'Destino 8'),
(9, '2023-01-09', 1300.00, 'Origen 9', 'Destino 9'),
(10, '2023-01-10', 1400.00, 'Origen 10', 'Destino 10'),
(11, '2023-01-11', 1500.00, 'Origen 11', 'Destino 11'),
(12, '2023-01-12', 1600.00, 'Origen 12', 'Destino 12'),
(13, '2023-01-13', 1700.00, 'Origen 13', 'Destino 13'),
(14, '2023-01-14', 1800.00, 'Origen 14', 'Destino 14'),
(15, '2023-01-15', 1900.00, 'Origen 15', 'Destino 15'),
(16, '2023-01-16', 2000.00, 'Origen 16', 'Destino 16'),
(17, '2023-01-17', 2100.00, 'Origen 17', 'Destino 17'),
(18, '2023-01-18', 2200.00, 'Origen 18', 'Destino 18'),
(19, '2023-01-19', 2300.00, 'Origen 19', 'Destino 19'),
(20, '2023-01-20', 2400.00, 'Origen 20', 'Destino 20');

-- Inserción en Donativos_Padrinos
INSERT INTO Donativos_Padrinos (Id_DonativoPadrino, Fecha, Tipo, Monto) VALUES
(2, '2023-01-02', 'Tipo 2', 400.00),
(3, '2023-01-03', 'Tipo 3', 500.00),
(4, '2023-01-04', 'Tipo 4', 600.00),
(5, '2023-01-05', 'Tipo 5', 700.00),
(6, '2023-01-06', 'Tipo 6', 800.00),
(7, '2023-01-07', 'Tipo 7', 900.00),
(8, '2023-01-08', 'Tipo 8', 1000.00),
(9, '2023-01-09', 'Tipo 9', 1100.00),
(10, '2023-01-10', 'Tipo 10', 1200.00),
(11, '2023-01-11', 'Tipo 11', 1300.00),
(12, '2023-01-12', 'Tipo 12', 1400.00),
(13, '2023-01-13', 'Tipo 13', 1500.00),
(14, '2023-01-14', 'Tipo 14', 1600.00),
(15, '2023-01-15', 'Tipo 15', 1700.00),
(16, '2023-01-16', 'Tipo 16', 1800.00),
(17, '2023-01-17', 'Tipo 17', 1900.00),
(18, '2023-01-18', 'Tipo 18', 2000.00),
(19, '2023-01-19', 'Tipo 19', 2100.00),
(20, '2023-01-20', 'Tipo 20', 2200.00);

-- Inserción en Eventos
INSERT INTO Eventos (Id_Eventos, Fecha, Descripcion, Monto) VALUES
(2, '2023-01-02', 'Evento 2', 1600.00),
(3, '2023-01-03', 'Evento 3', 1700.00),
(4, '2023-01-04', 'Evento 4', 1800.00),
(5, '2023-01-05', 'Evento 5', 1900.00),
(6, '2023-01-06', 'Evento 6', 2000.00),
(7, '2023-01-07', 'Evento 7', 2100.00),
(8, '2023-01-08', 'Evento 8', 2200.00),
(9, '2023-01-09', 'Evento 9', 2300.00),
(10, '2023-01-10', 'Evento 10', 2400.00),
(11, '2023-01-11', 'Evento 11', 2500.00),
(12, '2023-01-12', 'Evento 12', 2600.00),
(13, '2023-01-13', 'Evento 13', 2700.00),
(14, '2023-01-14', 'Evento 14', 2800.00),
(15, '2023-01-15', 'Evento 15', 2900.00),
(16, '2023-01-16', 'Evento 16', 3000.00),
(17, '2023-01-17', 'Evento 17', 3100.00),
(18, '2023-01-18', 'Evento 18', 3200.00),
(19, '2023-01-19', 'Evento 19', 3300.00),
(20, '2023-01-20', 'Evento 20', 3400.00);

-- Inserción en Gastos
INSERT INTO Gastos (Id_Gasto, Fecha, Concepto, Monto) VALUES
(2, '2023-01-02', 'Gasto 2', 500.00),
(3, '2023-01-03', 'Gasto 3', 600.00),
(4, '2023-01-04', 'Gasto 4', 700.00),
(5, '2023-01-05', 'Gasto 5', 800.00),
(6, '2023-01-06', 'Gasto 6', 900.00),
(7, '2023-01-07', 'Gasto 7', 1000.00),
(8, '2023-01-08', 'Gasto 8', 1100.00),
(9, '2023-01-09', 'Gasto 9', 1200.00),
(10, '2023-01-10', 'Gasto 10', 1300.00),
(11, '2023-01-11', 'Gasto 11', 1400.00),
(12, '2023-01-12', 'Gasto 12', 1500.00),
(13, '2023-01-13', 'Gasto 13', 1600.00),
(14, '2023-01-14', 'Gasto 14', 1700.00),
(15, '2023-01-15', 'Gasto 15', 1800.00),
(16, '2023-01-16', 'Gasto 16', 1900.00),
(17, '2023-01-17', 'Gasto 17', 2000.00),
(18, '2023-01-18', 'Gasto 18', 2100.00),
(19, '2023-01-19', 'Gasto 19', 2200.00),
(20, '2023-01-20', 'Gasto 20', 2300.00);

-- Inserción en Proveedores
INSERT INTO Proveedores (Id_Proveedor, Nombre, Contacto, Tipo, Monto, Fecha) VALUES
(2, 'Proveedor 2', '1234567891', 'Tipo 2', 600.00, '2023-01-02'),
(3, 'Proveedor 3', '1234567892', 'Tipo 3', 700.00, '2023-01-03'),
(4, 'Proveedor 4', '1234567893', 'Tipo 4', 800.00, '2023-01-04'),
(5, 'Proveedor 5', '1234567894', 'Tipo 5', 900.00, '2023-01-05'),
(6, 'Proveedor 6', '1234567895', 'Tipo 6', 1000.00, '2023-01-06'),
(7, 'Proveedor 7', '1234567896', 'Tipo 7', 1100.00, '2023-01-07'),
(8, 'Proveedor 8', '1234567897', 'Tipo 8', 1200.00, '2023-01-08'),
(9, 'Proveedor 9', '1234567898', 'Tipo 9', 1300.00, '2023-01-09'),
(10, 'Proveedor 10', '1234567899', 'Tipo 10', 1400.00, '2023-01-10'),
(11, 'Proveedor 11', '1234567800', 'Tipo 11', 1500.00, '2023-01-11'),
(12, 'Proveedor 12', '1234567801', 'Tipo 12', 1600.00, '2023-01-12'),
(13, 'Proveedor 13', '1234567802', 'Tipo 13', 1700.00, '2023-01-13'),
(14, 'Proveedor 14', '1234567803', 'Tipo 14', 1800.00, '2023-01-14'),
(15, 'Proveedor 15', '1234567804', 'Tipo 15', 1900.00, '2023-01-15'),
(16, 'Proveedor 16', '1234567805', 'Tipo 16', 2000.00, '2023-01-16'),
(17, 'Proveedor 17', '1234567806', 'Tipo 17', 2100.00, '2023-01-17'),
(18, 'Proveedor 18', '1234567807', 'Tipo 18', 2200.00, '2023-01-18'),
(19, 'Proveedor 19', '1234567808', 'Tipo 19', 2300.00, '2023-01-19'),
(20, 'Proveedor 20', '1234567809', 'Tipo 20', 2400.00, '2023-01-20');

-- Inserción en Recaudacion_Fondos
INSERT INTO Recaudacion_Fondos (Id_recaudacion, Fecha, Tipo, Monto) VALUES
(2, '2023-01-02', 'Tipo 2', 700.00),
(3, '2023-01-03', 'Tipo 3', 800.00),
(4, '2023-01-04', 'Tipo 4', 900.00),
(5, '2023-01-05', 'Tipo 5', 1000.00),
(6, '2023-01-06', 'Tipo 6', 1100.00),
(7, '2023-01-07', 'Tipo 7', 1200.00),
(8, '2023-01-08', 'Tipo 8', 1300.00),
(9, '2023-01-09', 'Tipo 9', 1400.00),
(10, '2023-01-10', 'Tipo 10', 1500.00),
(11, '2023-01-11', 'Tipo 11', 1600.00),
(12, '2023-01-12', 'Tipo 12', 1700.00),
(13, '2023-01-13', 'Tipo 13', 1800.00),
(14, '2023-01-14', 'Tipo 14', 1900.00),
(15, '2023-01-15', 'Tipo 15', 2000.00),
(16, '2023-01-16', 'Tipo 16', 2100.00),
(17, '2023-01-17', 'Tipo 17', 2200.00),
(18, '2023-01-18', 'Tipo 18', 2300.00),
(19, '2023-01-19', 'Tipo 19', 2400.00),
(20, '2023-01-20', 'Tipo 20', 2500.00);

-- Inserción en Ingresos
INSERT INTO Ingresos (Id_Ingreso, Origen, Monto, Id_Apoyo, Id_Donacion, Id_DonativoPadrino, Id_Eventos, Id_recaudacion) VALUES
(2, 'Origen 2', 3100.00, NULL, 2, NULL, NULL, NULL),
(3, 'Origen 3', 3200.00, NULL, NULL, 3, NULL, NULL),
(4, 'Origen 4', 3300.00, NULL, NULL, NULL, 4, NULL),
(5, 'Origen 5', 3400.00, NULL, NULL, NULL, NULL, 5),
(6, 'Origen 6', 3500.00, 6, NULL, NULL, NULL, NULL),
(7, 'Origen 7', 3600.00, NULL, 7, NULL, NULL, NULL),
(8, 'Origen 8', 3700.00, NULL, NULL, 8, NULL, NULL),
(9, 'Origen 9', 3800.00, NULL, NULL, NULL, 9, NULL),
(10, 'Origen 10', 3900.00, NULL, NULL, NULL, NULL, 10),
(11, 'Origen 11', 4000.00, 11, NULL, NULL, NULL, NULL),
(12, 'Origen 12', 4100.00, NULL, 12, NULL, NULL, NULL),
(13, 'Origen 13', 4200.00, NULL, NULL, 13, NULL, NULL),
(14, 'Origen 14', 4300.00, NULL, NULL, NULL, 14, NULL),
(15, 'Origen 15', 4400.00, NULL, NULL, NULL, NULL, 15),
(16, 'Origen 16', 4500.00, 16, NULL, NULL, NULL, NULL),
(17, 'Origen 17', 4600.00, NULL, 17, NULL, NULL, NULL),
(18, 'Origen 18', 4700.00, NULL, NULL, 18, NULL, NULL),
(19, 'Origen 19', 4800.00, NULL, NULL, NULL, 19, NULL),
(20, 'Origen 20', 4900.00, NULL, NULL, NULL, NULL, 20);


-- Inserción en Egresos
INSERT INTO Egresos (Id_Egreso, Origen, Monto, Id_Gasto, Id_Proveedor) VALUES
(2, 'Origen 2', 2100.00, 2, 2),
(3, 'Origen 3', 2200.00, 3, 3),
(4, 'Origen 4', 2300.00, 4, 4),
(5, 'Origen 5', 2400.00, 5, 5),
(6, 'Origen 6', 2500.00, 6, 6),
(7, 'Origen 7', 2600.00, 7, 7),
(8, 'Origen 8', 2700.00, 8, 8),
(9, 'Origen 9', 2800.00, 9, 9),
(10, 'Origen 10', 2900.00, 10, 10),
(11, 'Origen 11', 3000.00, 11, 11),
(12, 'Origen 12', 3100.00, 12, 12),
(13, 'Origen 13', 3200.00, 13, 13),
(14, 'Origen 14', 3300.00, 14, 14),
(15, 'Origen 15', 3400.00, 15, 15),
(16, 'Origen 16', 3500.00, 16, 16),
(17, 'Origen 17', 3600.00, 17, 17),
(18, 'Origen 18', 3700.00, 18, 18),
(19, 'Origen 19', 3800.00, 19, 19),
(20, 'Origen 20', 3900.00, 20, 20);
